{"xO9leIsM572jNgn7i8EAaA==":"fani-1848x838.png","5QPiNtAgQpmMd2LDvsK6xQ==":"sanah-logo-80x25.png","4i1PmTmF6cGmf77Px3IayA==":"z26377328ier,sanah-1536x864.png","ccYU4D0aIjq03Q68a2X+jw==":"z26377328ier,sanah-1536x864.jpg","mMYAY6k8Vd9UeevXxK4MiQ==":"logo%20-%20niebieskie-1023x1023.jpg","a5gcPFhStnPhQQxZ9DsMkQ==":"fani-1-1848x838.png","zucdQoLOoczfl525lzQZtA==":"dsxt3117-easy-resize-com-easy-resize-com-jpg-820x461.jpg","hGRGKGf4X8ktrGZElChbFg==":"dsxt3117-easy-resize-com-easy-resize-com-jpg-820x461.png","sP0RdXBaYMsbdewdl4cmJA==":"sana-820x461.png","CYiYYd4Rzr8lDj07CoxUKQ==":"profilowe%20-%20niebieskie-348x348.png","+mawR5wiUU7ztZdeIsBOIw==":"kubson.webp","WtyVxKlIYWAfskdvREh/Og==":"anka-348x348.png","X7RQIk32J2Bd1m76frmDMA==":"maxresdefault-1280x720.jpg","b9uwf8Ist+LkHW8GmGAIYw==":"maxresdefault-1280x720.png","jhbcAVWTE5VDXjY9eyDONQ==":"maxresdefault-1-1280x720.png","3/eX7mtHG0vfx0feoFPheA==":"maxresdefault-2-1280x720.png","He0Kw3+O3Ck/Q48Fm9jkfw==":"maxresdefault-3-1280x720.png","iD3boESvpnyq1gCS5BEupQ==":"maxresdefault%20(1)-1280x720.png","kNDr9FWiWM6YDHjbte7WAQ==":"maxresdefault-4-1280x720.png","1rDnu2NkVQ8Ej5E1dAO31A==":"pobrany%20plik-300x168.png","WgkbMVRsyCcfWje7Yh7Uhw==":"sanah-1662x936.png","2uHi8He4+k7Aeo1bmcc3xg==":"maxresdefault-1-1280x720.jpg","0vgEf1VNE18+kUCcT1pfig==":"maxresdefault-5-1280x720.png","8ZJ/7LB/IgVRiDOvoVozfw==":"maxresdefault-6-1280x720.png","QxWJY365DhTBmOrZtnLRSw==":"maxresdefault-7-1280x720.png","CVRy9euIMXkdeiDJ+Cm5vA==":"maxresdefault-8-1280x720.png","fHG7OMJI/o0vNHAjruTOaw==":"maxresdefault-9-1280x720.png","NwEQ1neK4j7XFilhI653VA==":"maxresdefault-10-1280x720.png","J2cGwHjtlb8IhgY6Vo9JKw==":"maxresdefault-11-1280x720.png","4wdLqX07cllWXF33GAV2jA==":"maxresdefault%20(1)-1280x720.png","SwpSBtMBqwl64yWA7r7/1Q==":"sanaaah-1920x1180.png","p8XhMDn2U8nnjHhpPbO2sg==":"maxresdefault-12-1280x720.png","fszYh2asf4sKkC3c3ZKEaw==":"maxresdefault%20(1)-1280x720.png","3ph6Kwj4hHxelQOCfrsCaQ==":"isic-400x252.png","5u+dg80BMy6DoxkkyLtn3Q==":"maxresdefault-13-1280x720.png","d8yz5t5+gP53UyOXskmjoA==":"maxresdefault-14-1280x720.png","f5lO1B4XKxRs8ev9oh+WrA==":"maxresdefault-15-1280x720.png","5H1ePH7tOHOV15QZVOg24Q==":"maxresdefault-16-1280x720.png","kgLHlVxHDHdEYm+ubxVoEg==":"maxresdefault-17-1280x720.png","pmErawYID8rBicm0dQkRzg==":"maxresdefault-18-1280x720.png","DQGQ6RsAkp6xVBPNRXopJQ==":"gf-cqki-xwaf-vapx_sanah-rapuje-o-sobie-laska-od-szampana-pelna-uroku-odpowiedz-na-wyzwanie-664x442-nocrop-664x462.png","swCT0lrFEe9OUuGkQYCAJw==":"gf-cqki-xwaf-vapx_sanah-rapuje-o-sobie-laska-od-szampana-pelna-uroku-odpowiedz-na-wyzwanie-664x442-nocrop-1-664x462.png","EJrQayXbti71OvQbbrr8Pg==":"maxresdefault-19-1280x720.png","tieO4gWjDBzLuf9AJJOsvw==":"maxresdefault-20-1280x720.png","+HX5uyaCrEbtPxkE7V4LqA==":"maxresdefault-21-1280x720.png","xaGN4l+AjWKjn2o4u8ayAA==":"maxresdefault-22-1280x720.png","cJkXmZLq4g+BBzQKs1vBDg==":"maxresdefault-23-1280x720.png","px6Odp1stzpVlRs7b772mA==":"maxresdefault-24-1280x720.png","9XX4sCB9OMhoy1zsHpdK8Q==":"maxresdefault-25-1280x720.png","PTkKRKYPf2pCzkNge4RW9g==":"maxresdefault-26-1280x720.png"}